"x1","x2","x3","x4"
1.2170283338055,-1.4811579652854,-1.4811579652854,-0.998846368165687
0.615258598467335,-0.378543142987989,-0.378543142987989,-0.707509434083477
-0.405461069894955,-0.164398679200361,-0.164398679200361,-0.1730677774176
0.962057553930208,-0.925554737074175,-0.925554737074175,-0.791432590456679
-0.159611352719367,-0.025475783916906,-0.025475783916906,-0.212913318304345
-0.118210276821628,-0.013973669546246,-0.013973669546246,-0.972249199869111
0.308664527023211,-0.0952737902424626,-0.0952737902424626,-0.284715340007097
-0.373872312251478,-0.139780505868267,-0.139780505868267,-0.830246136290953
-0.6791900342796,-0.461299102664724,-0.461299102664724,-0.843482915777713
0.468878983985633,-0.219847501623399,-0.219847501623399,-0.320323953637853
0.813707722118124,-0.662120257034667,-0.662120257034667,-0.949225398246199
-0.866162224439904,-0.750236999046683,-0.750236999046683,-0.61088316864334
1.47643120284192,-2.17984909672525,-2.17984909672525,-0.549386360449716
0.407855612225831,-0.166346200424107,-0.166346200424107,-0.282222979469225
-0.222237482666969,-0.0493894987021515,-0.0493894987021515,-0.679841078817844
-0.172508198069409,-0.0297590784011543,-0.0297590784011543,-0.140697994735092
-0.402456258190796,-0.161971039756936,-0.161971039756936,-0.228824596153572
0.507063638651744,-0.257113533642746,-0.257113533642746,-0.72484388994053
1.30230751400813,-1.69600486104205,-1.69600486104205,-0.10481723677367
0.0333815298508853,-0.00111432653518554,-0.00111432653518554,-0.557274551596493
-0.854138178285211,-0.729552027604379,-0.729552027604379,-0.339310494018719
-0.479682179167867,-0.230094993011233,-0.230094993011233,-0.788586334558204
-0.683603706303984,-0.467314027272544,-0.467314027272544,-0.130370788276196
-0.983267850009724,-0.966815664862746,-0.966815664862746,-0.334824592340738
-0.439841425279155,-0.193460479391599,-0.193460479391599,-0.140346887987107
0.610582727240399,-0.372811266804323,-0.372811266804323,-0.017010553041473
0.688515452900901,-0.474053528883333,-0.474053528883333,-0.37225480354391
0.774893746478483,-0.60046031833146,-0.60046031833146,-0.796151169808581
-0.00765373953618109,-5.85797288877016e-05,-5.85797288877016e-05,-0.857340667629614
1.35270383744501,-1.82980767183844,-1.82980767183844,-0.150700340745971
1.77007806347683,-3.13317635080189,-3.13317635080189,-0.794180285651237
1.76688637025654,-3.12188744539834,-3.12188744539834,-0.765274176374078
1.08880449505523,-1.18549522845247,-1.18549522845247,-0.676921313162893
0.763934038579464,-0.58359521530033,-0.58359521530033,-0.78513178252615
0.520641479408368,-0.271067550080535,-0.271067550080535,-0.514138374710456
0.270269965054467,-0.073045854010543,-0.073045854010543,-0.156172950752079
-0.573246512329206,-0.328611563897598,-0.328611563897598,-0.586710697738454
1.71001846040599,-2.92416313492927,-2.92416313492927,-0.83709580777213
1.45903364149854,-2.12877916702448,-2.12877916702448,-0.652921711327508
1.77692266693339,-3.15745416426166,-3.15745416426166,-0.879979229066521
1.85145971528254,-3.42790307731412,-3.42790307731412,-0.797210787888616
0.430795044172555,-0.185584370083634,-0.185584370083634,-0.755898374831304
0.312528995098546,-0.0976743727773071,-0.0976743727773071,-0.0645398490596563
0.0815488216467202,-0.00665021031196858,-0.00665021031196858,-0.074995978269726
1.07985638454556,-1.16608981124382,-1.16608981124382,-0.415321351028979
1.45769829954952,-2.12488433250956,-2.12488433250956,-0.468436484690756
0.486671556485817,-0.236849203892328,-0.236849203892328,-0.754260978428647
0.350113429361954,-0.122579413419588,-0.122579413419588,-0.379316483158618
1.05300460010767,-1.10881868784791,-1.10881868784791,-0.402142298407853
1.20554171223193,-1.4533308199311,-1.4533308199311,-0.51602124213241
0.854462442919612,-0.730106066360151,-0.730106066360151,-0.223056539194658
-0.576922775944695,-0.332839889403733,-0.332839889403733,-0.265328249661252
0.801039474317804,-0.641664239415344,-0.641664239415344,-0.629754721419886
-0.887745108921081,-0.788091378413302,-0.788091378413302,-0.386550626251847
1.4030447753612,-1.96853464166835,-1.96853464166835,-0.627978727221489
0.0655375299975276,-0.00429516783817683,-0.00429516783817683,-0.360655915224925
1.42076939507388,-2.01858567397859,-2.01858567397859,-0.0159500306472182
0.458190223900601,-0.209938281278083,-0.209938281278083,-0.938318110536784
-0.823733183555305,-0.678536357690158,-0.678536357690158,-0.208995730383322
1.09500030288473,-1.19902566331765,-1.19902566331765,-0.723767137853429
1.07903739018366,-1.16432168941436,-1.16432168941436,-0.921934802317992
-0.803722077747807,-0.645969178259252,-0.645969178259252,-0.168017011834309
1.71244052937254,-2.93245256663772,-2.93245256663772,-0.543193088378757
1.26626561535522,-1.60342860863094,-1.60342860863094,-0.289053090848029
1.56309508881532,-2.44326625667856,-2.44326625667856,-0.034609890775755
0.898357501020655,-0.807046199640076,-0.807046199640076,-0.180203796830028
1.61481507122517,-2.60762771425594,-2.60762771425594,-0.440867416327819
0.497188148088753,-0.247196054599924,-0.247196054599924,-0.366120798513293
0.990592008922249,-0.981272528140617,-0.981272528140617,-0.610328935552388
-0.703328699339181,-0.494671259314144,-0.494671259314144,-0.538993406109512
1.2404372333549,-1.53868452989315,-1.53868452989315,-0.236512209055945
-0.940971521893516,-0.8854274050146,-0.8854274050146,-0.00953767215833068
0.178373757749796,-0.0318171974537829,-0.0318171974537829,-0.622473061550409
0.264206285355613,-0.0698049612214114,-0.0698049612214114,-0.348796209553257
0.47558416496031,-0.226180297960995,-0.226180297960995,-0.330317078856751
1.62374559720047,-2.63654976442791,-2.63654976442791,-0.812309380155057
0.823961003217846,-0.678911734823759,-0.678911734823759,-0.353739627636969
-0.663875157944858,-0.44073022533631,-0.44073022533631,-0.583231222582981
1.70361943403259,-2.90231917601352,-2.90231917601352,-0.875966944266111
-0.975618731230497,-0.951831908727805,-0.951831908727805,-0.600562281906605
1.57630011439323,-2.48472205063612,-2.48472205063612,-0.998588189017028
1.22885759011842,-1.51009097679166,-1.51009097679166,-0.213678797939792
0.673288281308487,-0.453317109747336,-0.453317109747336,-0.412939646281302
0.28114501782693,-0.0790425210489046,-0.0790425210489046,-0.533346903976053
-0.14307654555887,-0.0204708978890594,-0.0204708978890594,-0.121039360295981
-0.0929716608952731,-0.00864372972962565,-0.00864372972962565,-0.465906562982127
-0.171507720835507,-0.0294148983061902,-0.0294148983061902,-0.292735509807244
-0.628744482528418,-0.395319624309929,-0.395319624309929,-0.830595600185916
0.0940404236316681,-0.0088436012768236,-0.0088436012768236,-0.481331184972078
1.58085056720302,-2.49908851582609,-2.49908851582609,-0.947468066122383
1.85451805661432,-3.43923722230857,-3.43923722230857,-0.433873732341453
1.33362169656903,-1.77854682955965,-1.77854682955965,-0.279425550252199
-0.876072539016604,-0.767503093619,-0.767503093619,-0.0620333864353597
-0.411346656503156,-0.169206071816325,-0.169206071816325,-0.0925586998928338
-0.966247361153364,-0.93363396293584,-0.93363396293584,-0.174282341264188
0.950629094382748,-0.903695675086964,-0.903695675086964,-0.428786169504747
-0.590290986699983,-0.34844344897924,-0.34844344897924,-0.331320132361725
1.69834784278646,-2.88438539509743,-2.88438539509743,-0.959739904152229
0.772453197510913,-0.596683942344834,-0.596683942344834,-0.677944865776226
-0.617790324846283,-0.381664885473675,-0.381664885473675,-0.795518779195845
1.11913888761774,-1.25247184977827,-1.25247184977827,-0.173073925543576
-0.734660393791273,-0.539725894205549,-0.539725894205549,-0.803017847705632
-0.830017410684377,-0.688928902039198,-0.688928902039198,-0.591870911652222
0.32223939569667,-0.103838228138955,-0.103838228138955,-0.699965234147385
1.77621359564364,-3.15493473734931,-3.15493473734931,-0.59025059803389
1.2653811534401,-1.60118946348141,-1.60118946348141,-0.860008364310488
-0.616149368928745,-0.379640044831291,-0.379640044831291,-0.948464292800054
-0.856788446661085,-0.734086442331915,-0.734086442331915,-0.859964831499383
-0.417882333742455,-0.17462564485404,-0.17462564485404,-0.153854917734861
1.80515698483214,-3.25859173988826,-3.25859173988826,-0.587301512481645
0.852969781728461,-0.727557448541899,-0.727557448541899,-0.815630596131086
0.614570507081226,-0.377696908174075,-0.377696908174075,-0.36625244258903
-0.307215878274292,-0.0943815958638445,-0.0943815958638445,-0.290354149183258
1.90306023322046,-3.6216382512651,-3.6216382512651,-0.406968514434993
0.608673717360944,-0.37048369420599,-0.37048369420599,-0.154605174669996
1.09739519702271,-1.2042762184485,-1.2042762184485,-0.122894098516554
0.781822131946683,-0.611245846001657,-0.611245846001657,-0.328771231230348
0.0931371268816292,-0.0086745244037647,-0.0086745244037647,-0.432375550270081
1.50457552075386,-2.26374749765175,-2.26374749765175,-0.322766286553815
1.63540597353131,-2.67455269826188,-2.67455269826188,-0.661713911686093
0.769954848336056,-0.592830468476199,-0.592830468476199,-0.781105734175071
-0.910192270297557,-0.828449968909421,-0.828449968909421,-0.619719121837988
1.26359171769582,-1.59666402902947,-1.59666402902947,-0.935414739884436
0.100623184116557,-0.0101250251817546,-0.0101250251817546,-0.883765473496169
-0.849184971535578,-0.721115115881881,-0.721115115881881,-0.0100035655777901
0.678075755480677,-0.459786730170691,-0.459786730170691,-0.603496941505
0.79428035649471,-0.630881284713363,-0.630881284713363,-0.368288733996451
1.54197046044283,-2.37767290087826,-2.37767290087826,-0.817731024930254
0.172664280515164,-0.0298129537658193,-0.0298129537658193,-0.8950404683128
-0.812466065166518,-0.660101107047165,-0.660101107047165,-0.302620629314333
-0.100496100960299,-0.0100994663082227,-0.0100994663082227,-0.612479986157268
0.762197110569105,-0.580944435359892,-0.580944435359892,-0.104641755577177
1.28521325392649,-1.65177310806831,-1.65177310806831,-0.397977602435276
1.88731901766732,-3.56197307444875,-3.56197307444875,-0.03839858667925
0.0338880699127913,-0.00114840128241423,-0.00114840128241423,-0.487322483677417
-0.762802492594346,-0.581867642708148,-0.581867642708148,-0.618897636188194
0.898896743077785,-0.808015354715849,-0.808015354715849,-0.677597577683628
0.872941547073424,-0.762026944606943,-0.762026944606943,-0.455053150421008
0.707600524649024,-0.500698502483574,-0.500698502483574,-0.449505834840238
0.0611610051710159,-0.00374066855352903,-0.00374066855352903,-0.0252032959833741
1.17426931345835,-1.37890842052995,-1.37890842052995,-0.80632315389812
1.47294941544533,-2.16957998046073,-2.16957998046073,-0.244488310068846
-0.597464992664754,-0.356964417459895,-0.356964417459895,-0.550218626391143
0.0894842543639243,-0.0080074317790675,-0.0080074317790675,-0.55459392699413
0.426211804151535,-0.181656501998106,-0.181656501998106,-0.426613696385175
1.03278305125423,-1.06664083095799,-1.06664083095799,-0.0989759031217545
-0.0988353923894465,-0.00976843478877586,-0.00976843478877586,-0.518820105586201
0.641002731863409,-0.410884502256354,-0.410884502256354,-0.330687014386058
1.6096096013207,-2.59084306866378,-2.59084306866378,-0.599719955353066
0.576842457288876,-0.332747220531069,-0.332747220531069,-0.0995190050452948
0.736547735985368,-0.542502567385172,-0.542502567385172,-0.540188273414969
1.14292541705072,-1.30627850894056,-1.30627850894056,-0.0958776986226439
1.809817194473,-3.27543827741011,-3.27543827741011,-0.956219285260886
-0.171747527085245,-0.0294972130598968,-0.0294972130598968,-0.192799453390762
-0.6594327269122,-0.434851521322861,-0.434851521322861,-0.00888400594703853
0.699195480439812,-0.488874319867459,-0.488874319867459,-0.186788131482899
-0.0898451809771359,-0.0080721565448143,-0.0080721565448143,-0.202018389711156
1.14782926207408,-1.31751201487353,-1.31751201487353,-0.881251068087295
1.26987140113488,-1.61257337542026,-1.61257337542026,-0.0391320306807756
0.90374233527109,-0.816750208561244,-0.816750208561244,-0.501783099491149
1.32478416291997,-1.75505307832356,-1.75505307832356,-0.191613879986107
1.43861385504715,-2.06960982393363,-2.06960982393363,-0.0532031434122473
1.91903243446723,-3.68268548453721,-3.68268548453721,-0.683622028911486
-0.443445476004854,-0.196643890189171,-0.196643890189171,-0.564719359390438
0.430096919648349,-0.184983360290999,-0.184983360290999,-0.297204928705469
0.181048682890832,-0.0327786255765052,-0.0327786255765052,-0.0339245875366032
1.30182433081791,-1.69474658830949,-1.69474658830949,-0.150781059637666
0.37360945600085,-0.139584025613251,-0.139584025613251,-0.793771373806521
1.32187409116887,-1.74735111290351,-1.74735111290351,-0.663273949176073
0.419756791554391,-0.176195764056037,-0.176195764056037,-0.585763826733455
-0.205306571209803,-0.042150788181926,-0.042150788181926,-0.804404068738222
1.91796864802018,-3.67860373478835,-3.67860373478835,-0.15467614820227
1.62967518460937,-2.65584120733158,-2.65584120733158,-0.171488113468513
-0.889874706044793,-0.791876992458307,-0.791876992458307,-0.348750157514587
0.107261578785256,-0.0115050462835056,-0.0115050462835056,-0.765272990101948
0.655707797501236,-0.429952715703922,-0.429952715703922,-0.853810234926641
0.91246343171224,-0.832589514212078,-0.832589514212078,-0.637106360169128
1.06639418681152,-1.13719656166541,-1.13719656166541,-0.0412649917416275
-0.14215188822709,-0.0202071593265272,-0.0202071593265272,-0.761671812972054
0.980074762832373,-0.960546540740933,-0.960546540740933,-0.484186800662428
1.58963833888993,-2.52695004846873,-2.52695004846873,-0.742603699211031
-0.542604006594047,-0.294419107971913,-0.294419107971913,-0.363643028773367
0.96850699535571,-0.938005800052946,-0.938005800052946,-0.0192107858601958
-0.23465224984102,-0.0550616783554522,-0.0550616783554522,-0.343989938264713
1.49773447122425,-2.24320854629338,-2.24320854629338,-0.391534241149202
-0.167956101009622,-0.0282092518663544,-0.0282092518663544,-0.652409245027229
0.792084371903911,-0.627397652214414,-0.627397652214414,-0.11606433079578
1.45231038075872,-2.10920544205953,-2.10920544205953,-0.10577441053465
0.768092372687533,-0.589965892980765,-0.589965892980765,-0.756167092360556
-0.32496239291504,-0.105600556809069,-0.105600556809069,-0.036267812596634
-0.811502953059971,-0.658537042825054,-0.658537042825054,-0.445651542861015
-0.492900022072718,-0.242950431759285,-0.242950431759285,-0.721354098059237
0.178483131108806,-0.0318562280904031,-0.0318562280904031,-0.596455874154344
-0.647337298374623,-0.419045577866956,-0.419045577866956,-0.885030628414825
0.67466262425296,-0.455169656563891,-0.455169656563891,-0.0143695836886764
-0.821250131353736,-0.674451778248529,-0.674451778248529,-0.926950861467049
0.190435392549261,-0.0362656387353913,-0.0362656387353913,-0.449517109198496
1.86823996971361,-3.49032058443552,-3.49032058443552,-0.221719560679048
0.959706316236407,-0.921036213424054,-0.921036213424054,-0.6349473122973
1.09097951021977,-1.19023629171936,-1.19023629171936,-0.208634011214599
1.5895004523918,-2.52651168815375,-2.52651168815375,-0.816377499839291
0.868152818409726,-0.753689316112751,-0.753689316112751,-0.0834554075263441
0.407584743341431,-0.1661253230047,-0.1661253230047,-0.71728872647509
-0.44307298772037,-0.196313672447455,-0.196313672447455,-0.363477853126824
1.96642493037507,-3.8668270068006,-3.8668270068006,-0.668669945560396
0.392623011255637,-0.154152828967444,-0.154152828967444,-0.947451843647286
0.476331321522593,-0.22689152786346,-0.22689152786346,-0.354312506737188
1.95044380798936,-3.80423104812403,-3.80423104812403,-0.956812923075631
0.220506522804499,-0.0486231265993309,-0.0486231265993309,-0.149968442041427
-0.734142584260553,-0.538965334024763,-0.538965334024763,-0.472092642448843
-0.126180044608191,-0.015921403657325,-0.015921403657325,-0.941628378815949
-0.252650952199474,-0.0638325036473009,-0.0638325036473009,-0.942292255582288
1.17964604101144,-1.39156478207396,-1.39156478207396,-0.815493127796799
0.919711012626067,-0.845868346745665,-0.845868346745665,-0.353651842102408
0.464072702918202,-0.215363473593805,-0.215363473593805,-0.649119039997458
1.75496394559741,-3.07989845034683,-3.07989845034683,-0.35614560241811
0.335941221565008,-0.11285650434659,-0.11285650434659,-0.975330096436664
-0.875688994303346,-0.766831214744005,-0.766831214744005,-0.372381310909986
1.86390687013045,-3.47414882051949,-3.47414882051949,-0.364818650297821
1.20066128694452,-1.44158752596728,-1.44158752596728,-0.719790593255311
-0.987923179287463,-0.97599220817345,-0.97599220817345,-0.983609590213746
0.568713749060407,-0.323435328370344,-0.323435328370344,-0.330159747973084
-0.330244479002431,-0.109061415911587,-0.109061415911587,-0.170485216658562
0.162639867281541,-0.0264517264293573,-0.0264517264293573,-0.954370164312422
0.108590127900243,-0.0117918158773911,-0.0117918158773911,-0.967435994185507
0.566563916625455,-0.320994671621976,-0.320994671621976,-0.0215764208696783
-0.484057284658775,-0.234311454831226,-0.234311454831226,-0.401213343488052
1.54396653315052,-2.38383265548885,-2.38383265548885,-0.256443676538765
0.350765874609351,-0.123036698790463,-0.123036698790463,-0.144146914128214
-0.639476006384939,-0.40892956274203,-0.40892956274203,-0.741321475012228
1.62764602224343,-2.64923157372484,-2.64923157372484,-0.971892672823742
-0.0326065507251769,-0.00106318715019354,-0.00106318715019354,-0.241899464279413
0.198884200770408,-0.0395549253160839,-0.0395549253160839,-0.908416440477595
1.17579433927312,-1.38249232826672,-1.38249232826672,-0.397788977483287
0.280897991266102,-0.0789036814973309,-0.0789036814973309,-0.279931664932519
-0.759873284259811,-0.577407408131792,-0.577407408131792,-0.820958940079436
-0.600671243155375,-0.360805942353824,-0.360805942353824,-0.896247896365821
1.81913346331567,-3.30924655735485,-3.30924655735485,-0.616132498020306
-0.213481918442994,-0.0455745295021013,-0.0455745295021013,-0.877750804414973
1.89397213235497,-3.58713043813725,-3.58713043813725,-0.571245503379032
0.78871274436824,-0.622067793128881,-0.622067793128881,-0.695867059519514
-0.116802942706272,-0.0136429274248447,-0.0136429274248447,-0.354374860180542
1.68511913763359,-2.83962650801898,-2.83962650801898,-0.709216697141528
-0.913838101318106,-0.835100075420681,-0.835100075420681,-0.165474941022694
-0.761857989011332,-0.580427595420391,-0.580427595420391,-0.393020887626335
0.0547304928768426,-0.00299542685054212,-0.00299542685054212,-0.591895353980362
-0.899193282006308,-0.808548558405277,-0.808548558405277,-0.856996794231236
1.29480161401443,-1.67651121965438,-1.67651121965438,-0.78123364970088
0.0685354168526828,-0.004697103363171,-0.004697103363171,-0.75315307173878
1.49095357372425,-2.22294255900113,-2.22294255900113,-0.652514304034412
-0.549013563431799,-0.301415892832082,-0.301415892832082,-0.783021659124643
0.420821208041161,-0.177090489137222,-0.177090489137222,-0.632241257466376
-0.387068805051968,-0.149822259844358,-0.149822259844358,-0.144513349514455
1.03679881966673,-1.07495179246232,-1.07495179246232,-0.488553492585197
1.59291724790819,-2.5373853586834,-2.5373853586834,-0.132156605366617
-0.929089933168143,-0.863208103914385,-0.863208103914385,-0.508159536635503
1.66567615931854,-2.77447706772215,-2.77447706772215,-0.646196339977905
-0.896616353886202,-0.803920886056187,-0.803920886056187,-0.52557820524089
-0.395307392347604,-0.156267934444663,-0.156267934444663,-0.0423761247657239
1.63546752533875,-2.67475402643767,-2.67475402643767,-0.572677712654695
1.69735163054429,-2.88100255771136,-2.88100255771136,-0.387871106620878
-0.892017666017637,-0.795695516487552,-0.795695516487552,-0.70236935140565
1.509422641946,-2.27835671201925,-2.27835671201925,-0.411968402331695
1.06840330874547,-1.14148563013828,-1.14148563013828,-0.728450295748189
1.45715408842079,-2.12329803740143,-2.12329803740143,-0.337405903963372
-0.661803791299462,-0.437984258178342,-0.437984258178342,-0.0945196219254285
0.396661675535142,-0.157340484838347,-0.157340484838347,-0.417413534130901
-0.675592604558915,-0.456425367334698,-0.456425367334698,-0.428622532635927
0.0768269330728799,-0.00590237764538477,-0.00590237764538477,-0.63080308563076
0.212107834871858,-0.0449897336140275,-0.0449897336140275,-0.122540605487302
1.08333194628358,-1.17360810583857,-1.17360810583857,-0.73204799904488
0.84561549150385,-0.715065559471297,-0.715065559471297,-0.19475528690964
-0.95275192707777,-0.907736234550405,-0.907736234550405,-0.271761218784377
1.03650031704456,-1.07433290723347,-1.07433290723347,-0.445727024693042
0.352243752218783,-0.124075660977167,-0.124075660977167,-0.0068651472683996
-0.525370727758855,-0.276014401585869,-0.276014401585869,-0.879444592865184
-0.805748420301825,-0.649230516818886,-0.649230516818886,-0.683614024193957
1.87570861983113,-3.5182828265088,-3.5182828265088,-0.660747456131503
1.65035251132213,-2.72366341162725,-2.72366341162725,-0.250631605740637
0.200151781318709,-0.0400607355650524,-0.0400607355650524,-0.0691929317545146
0.351093298988417,-0.12326650459457,-0.12326650459457,-0.73078926699236
0.0281937604304403,-0.000794888127209062,-0.000794888127209062,-0.183483009925112
1.16098889755085,-1.34789522023634,-1.34789522023634,-0.36661976762116
0.532538794679567,-0.283597567838766,-0.283597567838766,-0.825032092630863
1.60502578294836,-2.576107763929,-2.576107763929,-0.368674244033173
-0.232630139449611,-0.0541167817803456,-0.0541167817803456,-0.0242406758479774
-0.32640538085252,-0.106540472649479,-0.106540472649479,-0.943776223342866
-0.598619158379734,-0.358344896779261,-0.358344896779261,-0.624720085877925
0.553613285999745,-0.306487670435436,-0.306487670435436,-0.203504134202376
0.786263453774154,-0.618210218740861,-0.618210218740861,-0.152320277877152
1.29524444253184,-1.67765816590961,-1.67765816590961,-0.491028021322563
0.695199460489675,-0.483302289865136,-0.483302289865136,-0.301214112667367
-0.224492819514126,-0.0503970260134018,-0.0503970260134018,-0.397567528067157
0.45092587149702,-0.203334141585347,-0.203334141585347,-0.0141378429252654
1.45542913186364,-2.11827395787735,-2.11827395787735,-0.363731819204986
1.18858837219886,-1.41274231852635,-1.41274231852635,-0.904688980197534
-0.503156725084409,-0.253166689997668,-0.253166689997668,-0.518829997628927
0.0363985805306584,-0.00132485666464682,-0.00132485666464682,-0.0274542639963329
0.190206051804125,-0.0361783421429136,-0.0361783421429136,-0.500564523041248
-0.664118932327256,-0.441053956275494,-0.441053956275494,-0.11368351103738
-0.0199908798094839,-0.00039963527555723,-0.00039963527555723,-0.15376887540333
-0.959083872381598,-0.919841874262481,-0.919841874262481,-0.405850677751005
0.0739978025667369,-0.00547567478470578,-0.00547567478470578,-0.39454240584746
-0.881261523813009,-0.776621873353227,-0.776621873353227,-0.397249102592468
-0.712678804527968,-0.507911078423414,-0.507911078423414,-0.760719029931352
1.9966834730003,-3.98674489135255,-3.98674489135255,-0.784799209563062
1.5255444413051,-2.32728584239689,-2.32728584239689,-0.850087500875816
0.195602194638923,-0.038260218547563,-0.038260218547563,-0.27942908112891
0.213719920720905,-0.0456762045129499,-0.0456762045129499,-0.394355790223926
0.152194424765185,-0.0231631429296054,-0.0231631429296054,-0.993660888401791
-0.198686484713107,-0.0394763192076518,-0.0394763192076518,-0.376764570362866
1.27136492496356,-1.61636877242761,-1.61636877242761,-0.924728589598089
-0.559209816157818,-0.31271561848726,-0.31271561848726,-0.250312699237838
-0.156700705410913,-0.0245551110762776,-0.0245551110762776,-0.674345687264577
-0.0112101202830672,-0.000125666796760835,-0.000125666796760835,-0.492208630079404
1.37700947769918,-1.89615510167336,-1.89615510167336,-0.931253276532516
-0.682761771371588,-0.466163636446469,-0.466163636446469,-0.253730260767043
-0.989606822142377,-0.979321662430735,-0.979321662430735,-0.415716047398746
0.949583426117897,-0.901708683157804,-0.901708683157804,-0.916465455433354
1.99277709750459,-3.9711605603388,-3.9711605603388,-0.00908882962539792
-0.579104098491371,-0.335361556889503,-0.335361556889503,-0.139990164432675
1.8355611001607,-3.36928455242317,-3.36928455242317,-0.108507147291675
-0.272328166291118,-0.0741626301554826,-0.0741626301554826,-0.196756883757189
0.00120389112271369,-1.44935383534882e-06,-1.44935383534882e-06,-0.419794814195484
-0.891266303835437,-0.794355624352481,-0.794355624352481,-0.17601503781043
-0.579315801616758,-0.335606798002867,-0.335606798002867,-0.204191199503839
1.69525814685039,-2.87390018446263,-2.87390018446263,-0.2826201277785
-0.35448201559484,-0.12565749938018,-0.12565749938018,-0.707183210644871
-0.417062630411237,-0.17394123768554,-0.17394123768554,-0.0619766134768724
1.20447554322891,-1.45076133423658,-1.45076133423658,-0.385793287539855
-0.955461814533919,-0.912907279032449,-0.912907279032449,-0.84616151615046
1.23503660270944,-1.52531541003208,-1.52531541003208,-0.218926913104951
1.82229259284213,-3.3207502939273,-3.3207502939273,-0.7310828093905
0.0899554241914302,-0.00809197834146015,-0.00809197834146015,-0.132141250418499
0.994889759225771,-0.989805633012312,-0.989805633012312,-0.132721719332039
-0.865378641523421,-0.748880193204921,-0.748880193204921,-0.601679160725325
-0.490607796469703,-0.240696009956858,-0.240696009956858,-0.961745938286185
1.86301731341518,-3.47083351008473,-3.47083351008473,-0.748419442214072
-0.569110304350033,-0.323886538517388,-0.323886538517388,-0.049273879500106
1.4581414766144,-2.12617656582322,-2.12617656582322,-0.409227752825245
1.73702103458345,-3.01724207458536,-3.01724207458536,-0.979454748798162
1.99933427292854,-3.99733753490668,-3.99733753490668,-0.972691883100197
0.906749743269756,-0.822195096919769,-0.822195096919769,-0.868364070542157
0.138513048645109,-0.0191858646449623,-0.0191858646449623,-0.727930056862533
0.196272210450843,-0.03852278059526,-0.03852278059526,-0.602352390997112
0.580701438710093,-0.337214160919972,-0.337214160919972,-0.680481181712821
1.73330687778071,-3.0043527325619,-3.0043527325619,-0.834604641888291
-0.169822945026681,-0.0288398326575351,-0.0288398326575351,-0.440121887251735
-0.884191917488351,-0.781795346951728,-0.781795346951728,-0.86784493457526
1.76050880295224,-3.09939124527235,-3.09939124527235,-0.851540669100359
-0.703721937723458,-0.495224565633258,-0.495224565633258,-0.852453405968845
-0.763272368116304,-0.582584707929871,-0.582584707929871,-0.766743739834055
-0.719916387228295,-0.518279604599841,-0.518279604599841,-0.994915859540924
0.571130730910227,-0.32619031179005,-0.32619031179005,-0.534273274708539
1.46272143092938,-2.13955398450009,-2.13955398450009,-0.65033419849351
0.0850000667851418,-0.00722501135347857,-0.00722501135347857,-0.841699031880125
0.379284661030397,-0.143856854092943,-0.143856854092943,-0.791828758548945
0.377741478616372,-0.142688624667283,-0.142688624667283,-0.099933298304677
0.060436939354986,-0.00365262363859825,-0.00365262363859825,-0.625049170106649
-0.522385556949303,-0.272886670109233,-0.272886670109233,-0.888384321704507
0.2558918222785,-0.0654806247090112,-0.0654806247090112,-0.940597935114056
1.43532894109376,-2.06016916914133,-2.06016916914133,-0.700381259666756
-0.452689479570836,-0.204927764914114,-0.204927764914114,-0.0673079711850733
0.851159377256408,-0.724472285491517,-0.724472285491517,-0.722881545312703
0.168616676237434,-0.0284315835053597,-0.0284315835053597,-0.202281762380153
-0.993345933267847,-0.986736143139769,-0.986736143139769,-0.613411393016577
0.68245318136178,-0.465742344750814,-0.465742344750814,-0.52640909072943
-0.713050180813298,-0.508440560357876,-0.508440560357876,-0.222765408223495
-0.120956024853513,-0.0146303599483636,-0.0146303599483636,-0.628726270515472
0.585327466251329,-0.3426082427482,-0.3426082427482,-0.690722973551601
0.483250653836876,-0.233531194433768,-0.233531194433768,-0.119777522748336
0.822806301759556,-0.677010210215237,-0.677010210215237,-0.417048106435686
1.866519510746,-3.4838950839955,-3.4838950839955,-0.459675629390404
0.725546745816246,-0.526418080364544,-0.526418080364544,-0.0934834107756615
-0.330424641026184,-0.109180443397283,-0.109180443397283,-0.282903553452343
1.38634050847031,-1.92194000542572,-1.92194000542572,-0.577438288368285
-0.509668407728896,-0.259761885836908,-0.259761885836908,-0.291563551174477
1.44379983912222,-2.08455797544935,-2.08455797544935,-0.931484200293198
1.02636105078273,-1.05341700656382,-1.05341700656382,-0.22830279590562
1.36692910059355,-1.8684951660495,-1.8684951660495,-0.165295692859218
-0.707799509400502,-0.500980145507591,-0.500980145507591,-0.381560877896845
1.63384681451134,-2.66945541328887,-2.66945541328887,-0.747682689223439
1.67613304592669,-2.80942198764748,-2.80942198764748,-0.94923722022213
0.595467536477372,-0.35458158699843,-0.35458158699843,-0.533535837661475
-0.640814664075151,-0.410643433693749,-0.410643433693749,-0.0554621100891382
-0.600951522821561,-0.361142732781553,-0.361142732781553,-0.904360135318711
0.231591621879488,-0.0536346793247719,-0.0536346793247719,-0.707788621773943
1.04373871348798,-1.08939050203355,-1.08939050203355,-0.595631235046312
-0.535702471854165,-0.286977138350663,-0.286977138350663,-0.684243341442198
1.13256499706767,-1.2827034725829,-1.2827034725829,-0.165678177261725
0.346374918241054,-0.119975583986497,-0.119975583986497,-0.725405714707449
-0.717040705727413,-0.514147373670067,-0.514147373670067,-0.152688511647284
0.205065732821822,-0.0420519547777509,-0.0420519547777509,-0.94691955158487
-0.760736513417214,-0.578720042846179,-0.578720042846179,-0.808293047593907
0.582693289034069,-0.339531469085341,-0.339531469085341,-0.255406853277236
-0.98755431198515,-0.975263519120463,-0.975263519120463,-0.725049216998741
-0.409253044286743,-0.167488054257967,-0.167488054257967,-0.309288450749591
0.663268471136689,-0.439925064804001,-0.439925064804001,-0.155723022995517
-0.374024519929662,-0.139894341508614,-0.139894341508614,-0.751210398972034
1.97635734523647,-3.90598835607013,-3.90598835607013,-0.831074710004032
-0.446171277202666,-0.199068808600658,-0.199068808600658,-0.161540636792779
1.52563852048479,-2.32757289518702,-2.32757289518702,-0.476090712239966
-0.320568151539192,-0.102763939781254,-0.102763939781254,-0.681642041541636
-0.10423425026238,-0.0108647789277604,-0.0108647789277604,-0.155402324395254
-0.138447348959744,-0.0191676684339811,-0.0191676684339811,-0.832806313177571
1.90956890885718,-3.64645341767401,-3.64645341767401,-0.492622843245044
-0.214190837461501,-0.0458777148524593,-0.0458777148524593,-0.593344315420836
0.512268115999177,-0.262418622669346,-0.262418622669346,-0.299094955436885
-0.101065469672903,-0.0102142291602046,-0.0102142291602046,-0.0651535275392234
1.69137558713555,-2.86075137675814,-2.86075137675814,-0.974670468363911
-0.828347659436986,-0.686159844894733,-0.686159844894733,-0.413503770716488
-0.372515571303666,-0.138767850863696,-0.138767850863696,-0.0843958826735616
1.33231528615579,-1.77506402172438,-1.77506402172438,-0.347474900074303
1.97560151270591,-3.90300133700587,-3.90300133700587,-0.497051775921136
-0.25372838228941,-0.0643780919792008,-0.0643780919792008,-0.78140205424279
1.75577564071864,-3.08274810054095,-3.08274810054095,-0.261937262723222
0.683643237687647,-0.467368076436049,-0.467368076436049,-0.10823186323978
-0.962048872141168,-0.925538032388093,-0.925538032388093,-0.0438466516789049
0.885210698936135,-0.783597981511,-0.783597981511,-0.260312618454918
-0.231489742407575,-0.0535875008399255,-0.0535875008399255,-0.335526375798509
0.666456611827016,-0.444164415447946,-0.444164415447946,-0.444432558258995
1.58548878063448,-2.5137746735178,-2.5137746735178,-0.516321943607181
1.39316481933929,-1.94090821384468,-1.94090821384468,-0.212955287192017
-0.730750490212813,-0.533996278946267,-0.533996278946267,-0.745727934874594
-0.281785499071702,-0.0794030674870884,-0.0794030674870884,-0.347164232283831
0.979452604195103,-0.959327403864569,-0.959327403864569,-0.898524812888354
1.39552286243998,-1.94748405959266,-1.94748405959266,-0.194925756193697
1.99828206258826,-3.99313120166199,-3.99313120166199,-0.172088526189327
-0.0114894807338715,-0.000132008167534003,-0.000132008167534003,-0.0100439267698675
0.415380018763244,-0.172540559987753,-0.172540559987753,-0.802331194048747
0.234433052828535,-0.0549588562585069,-0.0549588562585069,-0.813978201942518
1.52925560506992,-2.33862270563777,-2.33862270563777,-0.0573584970552474
1.63252755673602,-2.66514622350249,-2.66514622350249,-0.492333402624354
0.718538597458974,-0.516297716038309,-0.516297716038309,-0.971556089818478
1.2373586371541,-1.53105639693986,-1.53105639693986,-0.643970240605995
-0.164607350481674,-0.0270955798325967,-0.0270955798325967,-0.962829036638141
1.6775776327122,-2.81426671377627,-2.81426671377627,-0.172868260415271
1.94165521557443,-3.77002497616738,-3.77002497616738,-0.421452902955934
1.11630818340927,-1.24614396034651,-1.24614396034651,-0.881147674983367
1.14494491717778,-1.31089886337124,-1.31089886337124,-0.360362691106275
-0.848138138884678,-0.719338302630766,-0.719338302630766,-0.385984893189743
0.148636661702767,-0.0220928572021428,-0.0220928572021428,-0.684946154477075
-0.628126714611426,-0.394543169608544,-0.394543169608544,-0.315875671571121
0.19120050384663,-0.0365576326712053,-0.0365576326712053,-0.749891122570261
1.14493022020906,-1.31086520914797,-1.31086520914797,-0.675287986872718
1.34114274196327,-1.79866385432075,-1.79866385432075,-0.40164583036676
-0.682706134393811,-0.466087665938941,-0.466087665938941,-0.876898916903883
-0.669756893767044,-0.448574296748479,-0.448574296748479,-0.805266350740567
1.6725077519659,-2.79728218038601,-2.79728218038601,-0.0550150126218796
0.820706648286432,-0.673559402541549,-0.673559402541549,-0.311446121195331
1.37756421929225,-1.89768317827428,-1.89768317827428,-0.668067835038528
0.567225406644866,-0.321744661943433,-0.321744661943433,-0.708975786576048
0.0592423309572041,-0.0035096537772429,-0.0035096537772429,-0.298676626291126
-0.604955476243049,-0.365971128236454,-0.365971128236454,-0.232495747040957
0.690613365732133,-0.476946820927865,-0.476946820927865,-0.0435870664659888
-0.116907864576206,-0.0136674487997684,-0.0136674487997684,-0.161323888227344
-0.8199057278689,-0.67224540259223,-0.67224540259223,-0.476670739706606
0.0230971944984049,-0.000533480393697144,-0.000533480393697144,-0.299991093343124
1.12835576664656,-1.27318673612456,-1.27318673612456,-0.527225782861933
-0.663894462864846,-0.440755857822602,-0.440755857822602,-0.413034242810681
1.45761050470173,-2.12462838341684,-2.12462838341684,-0.0308079167734832
1.76033274456859,-3.09877137160037,-3.09877137160037,-0.561764422338456
1.14026813721284,-1.30021142474285,-1.30021142474285,-0.832476621260867
-0.177693820325658,-0.0315750937819271,-0.0315750937819271,-0.905411806888878
-0.0892371262889355,-0.00796326470830743,-0.00796326470830743,-0.28714902093634
1.29924830584787,-1.68804616024856,-1.68804616024856,-0.982224284904078
0.390009701484814,-0.152107567252274,-0.152107567252274,-0.112817583605647
1.95822096033953,-3.83462932951308,-3.83462932951308,-0.302067011827603
-0.079198180930689,-0.00627235186273015,-0.00627235186273015,-0.0202289775479585
-0.235346728935838,-0.0553880828207987,-0.0553880828207987,-0.596353869419545
-0.386545669520274,-0.149417554624877,-0.149417554624877,-0.975428072502837
-0.131842455361038,-0.0173824330356274,-0.0173824330356274,-0.72530425642617
-0.520919539034367,-0.271357166147777,-0.271357166147777,-0.780232462333515
1.08016015938483,-1.16674596992227,-1.16674596992227,-0.931876018177718
1.44634366990067,-2.09191001146174,-2.09191001146174,-0.755542900646105
1.41411905060522,-1.99973268928462,-1.99973268928462,-0.499108624411747
0.455677762394771,-0.207642223141105,-0.207642223141105,-0.466862864093855
1.04178464738652,-1.08531525153026,-1.08531525153026,-0.85010467399843
1.91641475073993,-3.6726454968536,-3.6726454968536,-0.460418885108083
-0.288990011671558,-0.0835152268459272,-0.0835152268459272,-0.574273884762079
1.27247519535013,-1.61919312278134,-1.61919312278134,-0.254123533843085
0.825117466971278,-0.680818834301098,-0.680818834301098,-0.851562414783984
0.18087585712783,-0.0327160756917273,-0.0327160756917273,-0.887140918523073
0.514626683667302,-0.264840623542405,-0.264840623542405,-0.158454590011388
-0.293755991151556,-0.0862925823374333,-0.0862925823374333,-0.614480575779453
0.271053835749626,-0.0734701818745853,-0.0734701818745853,-0.347199963638559
-0.651565288892016,-0.424537325688936,-0.424537325688936,-0.656351568643004
-0.69678919785656,-0.485515186249589,-0.485515186249589,-0.834671712247655
-0.240432654041797,-0.0578078611295824,-0.0578078611295824,-0.902409687638283
0.294055745005608,-0.0864687811708029,-0.0864687811708029,-0.691796997794881
-0.105572407133877,-0.0111455331480411,-0.0111455331480411,-0.245124973822385
1.40903976326808,-1.98539305447058,-1.98539305447058,-0.609745212132111
1.03930736402981,-1.08015979692659,-1.08015979692659,-0.825198599137366
1.70331755909137,-2.901290707109,-2.901290707109,-0.852405393728986
-0.463162881322205,-0.214519854634687,-0.214519854634687,-0.422826382564381
1.40786208352074,-1.98207564621536,-1.98207564621536,-0.391155655495822
0.945389731554314,-0.893761744528339,-0.893761744528339,-0.968187864869833
-0.745546820107847,-0.555840060972923,-0.555840060972923,-0.181563458638266
-0.408606849843636,-0.16695955773914,-0.16695955773914,-0.422420471441001
-0.227966185193509,-0.0519685815916812,-0.0519685815916812,-0.283848896389827
0.810829276684672,-0.657444115928988,-0.657444115928988,-0.807715971954167
1.31147042196244,-1.71995466768234,-1.71995466768234,-0.632725931471214
-0.568894950207323,-0.323641464371392,-0.323641464371392,-0.931088508106768
-0.304017990129068,-0.0924269383221184,-0.0924269383221184,-0.535334284882993
-0.0606884828303009,-0.00368309194824373,-0.00368309194824373,-0.855635436717421
1.19532176037319,-1.42879411082166,-1.42879411082166,-0.601564200362191
-0.332390761002898,-0.110483618000086,-0.110483618000086,-0.198894904926419
-0.257012182148173,-0.0660552617725659,-0.0660552617725659,-0.373730458552018
-0.249582996126264,-0.0622916719553629,-0.0622916719553629,-0.267819089116529
-0.603920166613534,-0.364719567642519,-0.364719567642519,-0.911177341127768
0.247340451693162,-0.0611772990437776,-0.0611772990437776,-0.38473294605501
-0.600428288802505,-0.360514129994304,-0.360514129994304,-0.237906267168
0.944602356525138,-0.892273611952844,-0.892273611952844,-0.00769932614639401
0.144589137751609,-0.0209060187557538,-0.0209060187557538,-0.183652578387409
0.0540785561315715,-0.00292449023327553,-0.00292449023327553,-0.661319851409644
-0.192464468069375,-0.0370425714692273,-0.0370425714692273,-0.961652769241482
-0.548427196918055,-0.300772390319396,-0.300772390319396,-0.824408282991499
0.0508153198752552,-0.00258219673402451,-0.00258219673402451,-0.787937915651128
1.5288462950848,-2.33737099399453,-2.33737099399453,-0.388362400466576
1.24870379525237,-1.55926116827767,-1.55926116827767,-0.974962828680873
-0.385242589516565,-0.148411852777429,-0.148411852777429,-0.0994299296289682
-0.806751099880785,-0.650847337158856,-0.650847337158856,-0.578018035972491
0.724628120660782,-0.525085913252377,-0.525085913252377,-0.287574301939458
1.1457252164837,-1.31268627168662,-1.31268627168662,-0.220786082325503
0.324462372111157,-0.105275830915999,-0.105275830915999,-0.378032511565834
0.0474095311947167,-0.00224766364810281,-0.00224766364810281,-0.686951604904607
0.898028375813738,-0.806454963766659,-0.806454963766659,-0.427971824305132
1.27585523901507,-1.62780659092221,-1.62780659092221,-0.883664186112583
0.935642681783065,-0.875427227974206,-0.875427227974206,-0.492291065398604
-0.443891113158315,-0.197039320340928,-0.197039320340928,-0.539404761744663
1.26092034298927,-1.58992011136417,-1.58992011136417,-0.201538497814909
1.9437729655765,-3.77825334170606,-3.77825334170606,-0.477814022451639
-0.764720170060173,-0.584796938496859,-0.584796938496859,-0.193875542609021
1.88408184144646,-3.54976438526828,-3.54976438526828,-0.445245326030999
-0.437689636368304,-0.191572217784219,-0.191572217784219,-0.576933887787163
-0.577210630755872,-0.333172112257591,-0.333172112257591,-0.989921471104026
0.701840237015858,-0.492579718294476,-0.492579718294476,-0.102350423112512
1.43314691307023,-2.05391007444273,-2.05391007444273,-0.578890774864703
-0.913000794593245,-0.833570450927896,-0.833570450927896,-0.115546312183142
1.8311082329601,-3.35295736081428,-3.35295736081428,-0.959808196406811
-0.506305898306891,-0.256345662660348,-0.256345662660348,-0.71632654289715
-0.737570742843673,-0.544010600698967,-0.544010600698967,-0.108994410373271
1.88678684644401,-3.55996460391414,-3.55996460391414,-0.199515199521556
1.7232145012822,-2.96946821742926,-2.96946821742926,-0.633846926968545
-0.785332430154085,-0.616747025851721,-0.616747025851721,-0.346711118938401
-0.875851973425597,-0.767116679353513,-0.767116679353513,-0.457126341061667
0.00932884006761014,-8.70272570070484e-05,-8.70272570070484e-05,-0.283363342517987
1.42070862557739,-2.01841299879,-2.01841299879,-0.365860594436526
-0.373501130146906,-0.139503094221016,-0.139503094221016,-0.00931928190402687
0.272481225663796,-0.0742460183392446,-0.0742460183392446,-0.417203196091577
-0.605073480866849,-0.366113917248326,-0.366113917248326,-0.879748750478029
-0.7258320027031,-0.526832096147994,-0.526832096147994,-0.862730273045599
1.42630142043345,-2.03433574193047,-2.03433574193047,-0.208968474064022
1.75750529463403,-3.08882486066665,-3.08882486066665,-0.793232868425548
-0.618097129743546,-0.38204406179721,-0.38204406179721,-0.973620637785643
-0.245969723910093,-0.0605011050804075,-0.0605011050804075,-0.593082843581215
1.95790090784431,-3.83337596493755,-3.83337596493755,-0.572492739884183
-0.489036374725401,-0.239156575804563,-0.239156575804563,-0.0991765968501568
1.92896880349144,-3.72092064484321,-3.72092064484321,-0.213041054783389
-0.877793622436002,-0.770521643589318,-0.770521643589318,-0.483499902533367
0.979557301150635,-0.959532506237516,-0.959532506237516,-0.00983294285833836
1.38886867067777,-1.92895618439023,-1.92895618439023,-0.906288326019421
-0.741897520376369,-0.550411930740605,-0.550411930740605,-0.848478871630505
1.36596034537069,-1.86584766512523,-1.86584766512523,-0.149750400101766
0.916477050865069,-0.839930184762334,-0.839930184762334,-0.0238116048276424
1.18422608263791,-1.40239141479992,-1.40239141479992,-0.728439564118162
-0.223717691842467,-0.0500496056433208,-0.0500496056433208,-0.735033731907606
0.140263672685251,-0.0196738978751551,-0.0196738978751551,-0.0451767214108258
0.736705231945962,-0.542734598776553,-0.542734598776553,-0.436888243537396
-0.324411861831322,-0.105243056096865,-0.105243056096865,-0.868623835034668
-0.0961829244624823,-0.00925115495815558,-0.00925115495815558,-0.0385521610733122
0.834959082771093,-0.697156669901944,-0.697156669901944,-0.668695709202439
0.613659755326807,-0.376578295307757,-0.376578295307757,-0.331950574647635
0.661341878119856,-0.437373079755099,-0.437373079755099,-0.810408555204049
0.689662319375202,-0.475634114765983,-0.475634114765983,-0.262872770661488
0.958662614924833,-0.919034009254519,-0.919034009254519,-0.872834389796481
-0.231722361175343,-0.0536952526686763,-0.0536952526686763,-0.702651796862483
1.94381914567202,-3.77843287108111,-3.77843287108111,-0.916354676708579
0.0997851132415235,-0.00995706882462367,-0.00995706882462367,-0.793167529162019
1.08470787061378,-1.17659116457149,-1.17659116457149,-0.0665739492978901
1.39324905816466,-1.9411429380767,-1.9411429380767,-0.978291221195832
0.775714438175783,-0.60173288959437,-0.60173288959437,-0.317283974960446
0.49360289867036,-0.243643821575782,-0.243643821575782,-0.977180038345978
-0.0598431741818786,-0.00358120549616266,-0.00358120549616266,-0.0529396238271147
0.176086661871523,-0.031006512489056,-0.031006512489056,-0.31898065819405
1.18825593474321,-1.41195216645246,-1.41195216645246,-0.374178516212851
1.9024057937786,-3.61914780420238,-3.61914780420238,-0.382107677869499
-0.652241839794442,-0.425419417578439,-0.425419417578439,-0.610005072550848
1.63357477146201,-2.66856653395715,-2.66856653395715,-0.29094364028424
-0.335412023589015,-0.112501225568078,-0.112501225568078,-0.265040253987536
1.13932959455997,-1.29807192504018,-1.29807192504018,-0.458840489620343
1.57289002370089,-2.4739830266578,-2.4739830266578,-0.205424927407876
1.00934944325127,-1.01878629859164,-1.01878629859164,-0.385874168016016
1.94502570247278,-3.78312498327972,-3.78312498327972,-0.974687401438132
-0.497739260084927,-0.247744371029891,-0.247744371029891,-0.886033538263291
1.53435328230262,-2.35423999491282,-2.35423999491282,-0.118751562200487
-0.19462402490899,-0.037878511071775,-0.037878511071775,-0.327862152364105
-0.0884842399973422,-0.00782946072790726,-0.00782946072790726,-0.467334440210834
1.15211722301319,-1.32737409556363,-1.32737409556363,-0.714035790180787
1.2325586557854,-1.5192008399515,-1.5192008399515,-0.807490727398545
-0.0516736509744078,-0.00267016620502492,-0.00267016620502492,-0.163211793405935
0.164056277601048,-0.0269144622203122,-0.0269144622203122,-0.89513801666908
0.953650055918843,-0.909448429154012,-0.909448429154012,-0.642747458769009
0.668769692303613,-0.447252901343869,-0.447252901343869,-0.917200535070151
-0.741279217414558,-0.549494878170739,-0.549494878170739,-0.867190391058102
1.57939602900296,-2.49449181643033,-2.49449181643033,-0.278985018609092
0.699144097976387,-0.488802469735215,-0.488802469735215,-0.485895255347714
-0.82829624414444,-0.686074668063785,-0.686074668063785,-0.738499073311687
1.90988607029431,-3.64766480150423,-3.64766480150423,-0.0286895032040775
0.929630089784041,-0.864212103831884,-0.864212103831884,-0.601946897106245
1.94556912430562,-3.78523921745134,-3.78523921745134,-0.621493814513087
-0.0378482590895146,-0.00143249071610703,-0.00143249071610703,-0.945769981015474
1.05220585782081,-1.10713716723242,-1.10713716723242,-0.718514987500384
0.527466516708955,-0.278220926249078,-0.278220926249078,-0.892946370411664
-0.325897365575656,-0.106209092889153,-0.106209092889153,-0.954719154397026
0.729379662312567,-0.531994691795195,-0.531994691795195,-0.379126168787479
-0.930317191872746,-0.865490077493991,-0.865490077493991,-0.325201466446742
-0.413797293789685,-0.171228200347667,-0.171228200347667,-0.636585549917072
-0.615737608633935,-0.379132802686237,-0.379132802686237,-0.851179410936311
1.07314824685454,-1.15164715972698,-1.15164715972698,-0.686575114261359
1.42032477003522,-2.01732245237561,-2.01732245237561,-0.62847819714807
1.23612504312769,-1.52800512224742,-1.52800512224742,-0.692124549066648
-0.812763320980594,-0.660584215931403,-0.660584215931403,-0.821010841988027
-0.71160004241392,-0.506374620363493,-0.506374620363493,-0.710292625939474
0.975966964615509,-0.95251151602081,-0.95251151602081,-0.104334949981421
0.354494163300842,-0.125666111814364,-0.125666111814364,-0.760520601645112
1.90630922233686,-3.63401485116656,-3.63401485116656,-0.468191754538566
1.11752414121293,-1.24886020619369,-1.24886020619369,-0.459985973779112
1.18552457005717,-1.40546850620923,-1.40546850620923,-0.672599552897736
0.383638526080176,-0.14717851869297,-0.14717851869297,-0.986700949724764
-0.0641163389664143,-0.00411090492245614,-0.00411090492245614,-0.481043269392103
-0.0096543706022203,-9.32068717250155e-05,-9.32068717250155e-05,-0.888549551833421
0.831612067995593,-0.691578631635907,-0.691578631635907,-0.320509838173166
-0.725719045381993,-0.526668132830151,-0.526668132830151,-0.0673399672377855
0.17419612640515,-0.0303442904545589,-0.0303442904545589,-0.808328649261966
-0.540669688256457,-0.292323711799335,-0.292323711799335,-0.211795920273289
0.53117229999043,-0.282144012277124,-0.282144012277124,-0.287191883893684
1.61866447143257,-2.62007467107807,-2.62007467107807,-0.935604325029999
1.26981147821061,-1.61242119019542,-1.61242119019542,-0.878080588532612
-0.299667144659907,-0.0898003975886214,-0.0898003975886214,-0.670875140000135
0.635451395297423,-0.403798475785442,-0.403798475785442,-0.641622538911179
1.09027216979302,-1.18869340422519,-1.18869340422519,-0.24348802655004
0.685649799648672,-0.470115647758265,-0.470115647758265,-0.948951135855168
0.0291074528358877,-0.000847243810593425,-0.000847243810593425,-0.759632766712457
0.818229883909225,-0.669500142922105,-0.669500142922105,-0.482319844886661
1.81487542227842,-3.29377279839027,-3.29377279839027,-0.692486057989299
-0.985550470650196,-0.971309730198823,-0.971309730198823,-0.77282626926899
-0.587608163012192,-0.345283353238562,-0.345283353238562,-0.742791936965659
0.724377879640087,-0.524723312511869,-0.524723312511869,-0.073545868974179
0.813630860066041,-0.661995176451806,-0.661995176451806,-0.0823219588492066
0.118702759966254,-0.0140903452236062,-0.0140903452236062,-0.888969517080113
-0.0218452152330428,-0.000477213428577967,-0.000477213428577967,-0.449312360957265
-0.219031135784462,-0.0479746384430315,-0.0479746384430315,-0.92079435265623
1.90631229989231,-3.63402658472069,-3.63402658472069,-0.443097166484222
0.197635994292796,-0.039059986240102,-0.039059986240102,-0.810629571555182
-0.832250536186621,-0.692640954982917,-0.692640954982917,-0.553043470252305
1.94250648794696,-3.77333145571602,-3.77333145571602,-0.367186652030796
-0.764126163441688,-0.583888793656113,-0.583888793656113,-0.313637058250606
0.072796669555828,-0.00529935509842041,-0.00529935509842041,-0.738520119572058
1.90316373365931,-3.62203219711605,-3.62203219711605,-0.469731928547844
0.858308500843123,-0.736693482619569,-0.736693482619569,-0.240398479625583
-0.156444245716557,-0.0244748020178224,-0.0244748020178224,-0.198875112459064
1.92818244895898,-3.71788755647344,-3.71788755647344,-0.449870335170999
0.369114528410137,-0.136245535083438,-0.136245535083438,-0.826755185844377
0.0495973972138017,-0.00245990181038363,-0.00245990181038363,-0.530732853803784
1.3190364188049,-1.73985707413365,-1.73985707413365,-0.479723119642586
-0.758514869725332,-0.575344807594437,-0.575344807594437,-0.354389576474205
0.66609395830892,-0.443681161295646,-0.443681161295646,-0.659781062509865
1.60163040319458,-2.56521994843722,-2.56521994843722,-0.619410833343863
0.297066705534235,-0.0882486275369637,-0.0882486275369637,-0.425874855136499
-0.304304618388414,-0.0926013007725185,-0.0926013007725185,-0.550698875682428
-0.740534164011478,-0.548390848068179,-0.548390848068179,-0.156959985150024
1.23162621096708,-1.51690312354112,-1.51690312354112,-0.932779309339821
-0.873659854289144,-0.763281540996529,-0.763281540996529,-0.551104541169479
0.0270514090079814,-0.000731778729317098,-0.000731778729317098,-0.200655178632587
1.53386878035963,-2.35275343536193,-2.35275343536193,-0.498127621831372
-0.315591983962804,-0.0995983003415788,-0.0995983003415788,-0.949313911609352
-0.754392487695441,-0.569108025491316,-0.569108025491316,-0.0401334906928241
0.741676250938326,-0.550083661205931,-0.550083661205931,-0.445186918834224
1.3912216797471,-1.93549776219836,-1.93549776219836,-0.865153568098322
-0.159041347680613,-0.0252941502720658,-0.0252941502720658,-0.237705379724503
-0.213821247918531,-0.045719526061438,-0.045719526061438,-0.146981191355735
1.55837385961786,-2.42852908634026,-2.42852908634026,-0.986072785453871
-0.808690295787528,-0.65397999450092,-0.65397999450092,-0.164871862856671
-0.191008543362841,-0.0364842636375943,-0.0364842636375943,-0.527561045950279
0.323529444634914,-0.104671301545776,-0.104671301545776,-0.86074346024543
0.511154441162944,-0.261278862720601,-0.261278862720601,-0.545031120534986
0.52166890585795,-0.272138447339031,-0.272138447339031,-0.429526136023924
1.44989190064371,-2.10218652355222,-2.10218652355222,-0.244452006882057
0.758638951461762,-0.575533058675002,-0.575533058675002,-0.810105769895017
-0.0931915992405266,-0.00868467416900691,-0.00868467416900691,-0.435406921664253
-0.73244725773111,-0.536478985357823,-0.536478985357823,-0.85051349340938
-0.397153969621286,-0.157731275585945,-0.157731275585945,-0.816273841075599
1.19921287661418,-1.43811152343726,-1.43811152343726,-0.0827954041305929
1.77335269772448,-3.14477979052668,-3.14477979052668,-0.469338050112128
-0.131525239441544,-0.0172988886101554,-0.0172988886101554,-0.586632327875122
0.467644086573273,-0.218690991706951,-0.218690991706951,-0.312372281216085
0.199803382623941,-0.0399213917079689,-0.0399213917079689,-0.892151530599222
0.869328662520275,-0.755732323479289,-0.755732323479289,-0.234979841625318
-0.463696592021734,-0.21501452945257,-0.21501452945257,-0.783918113214895
1.18756143469363,-1.4103021611716,-1.4103021611716,-0.637080408865586
1.13087486033328,-1.27887794973381,-1.27887794973381,-0.491422134917229
-0.610525288619101,-0.372741128043437,-0.372741128043437,-0.442445322172716
0.348069159314036,-0.12115213966558,-0.12115213966558,-0.0722807028796524
-0.65637732623145,-0.430831194390747,-0.430831194390747,-0.913595489691943
1.55127940420061,-2.40646778989701,-2.40646778989701,-0.905110249295831
-0.392241004388779,-0.153853005523918,-0.153853005523918,-0.48754606815055
0.301996977301314,-0.0912021742991306,-0.0912021742991306,-0.860507851932198
0.995661988155916,-0.991342794658592,-0.991342794658592,-0.850048195105046
-0.458482333691791,-0.210206050307471,-0.210206050307471,-0.0834798922296613
1.46411995775998,-2.14364725071108,-2.14364725071108,-0.457234292523935
1.80815904028714,-3.2694391149721,-3.2694391149721,-0.58120298339054
-0.65595287643373,-0.430274176101684,-0.430274176101684,-0.621220668777823
0.271227621240541,-0.0735644225238025,-0.0735644225238025,-0.349406293593347
-0.0875156398396939,-0.00765898721655102,-0.00765898721655102,-0.2094815839082
1.08046641596593,-1.16740767603026,-1.16740767603026,-0.627501135226339
-0.0848215899895877,-0.00719470212836172,-0.00719470212836172,-0.809641683241352
-0.0385336871258914,-0.00148484504351609,-0.00148484504351609,-0.819948793621734
1.72635121759959,-2.98028852650757,-2.98028852650757,-0.45337696489878
-0.810594188515097,-0.657062938454448,-0.657062938454448,-0.735055957688019
-0.897398802451789,-0.805324610641906,-0.805324610641906,-0.537020911229774
-0.0282203517854214,-0.000796388254892935,-0.000796388254892935,-0.15546795562841
-0.467603704426438,-0.218653224393327,-0.218653224393327,-0.651576286181808
0.787695631850511,-0.620464408436376,-0.620464408436376,-0.0213940590620041
-0.70221352763474,-0.493103838393226,-0.493103838393226,-0.667807874269783
0.879745389334857,-0.77395195005594,-0.77395195005594,-0.257381196599454
0.990586668252945,-0.98126194732047,-0.98126194732047,-0.849695737706497
-0.134531829506159,-0.0180988131502742,-0.0180988131502742,-0.0272396269720048
0.419681331375614,-0.176132419905208,-0.176132419905208,-0.352600572397932
0.460501479916275,-0.212061613005079,-0.212061613005079,-0.0924307717941701
0.492659608367831,-0.242713489717144,-0.242713489717144,-0.806076685432345
1.32261387724429,-1.74930746827918,-1.74930746827918,-0.511768518947065
-0.0997229053173214,-0.00994465784492745,-0.00994465784492745,-0.819384284084663
-0.233471185900271,-0.0545087946456789,-0.0545087946456789,-0.870703833643347
1.01877197017893,-1.03789632722226,-1.03789632722226,-0.453753313515335
-0.138410666957498,-0.0191575127276193,-0.0191575127276193,-0.3788097652141
1.12501355609857,-1.26565550140554,-1.26565550140554,-0.949855286860839
1.48454785440117,-2.20388233200712,-2.20388233200712,-0.556711153360084
0.157492388272658,-0.0248038523638257,-0.0248038523638257,-0.135378079954535
0.313962815329432,-0.0985726494095833,-0.0985726494095833,-0.879924182314426
-0.481315349694341,-0.231664465851386,-0.231664465851386,-0.874958178494126
0.327754852827638,-0.107423243552067,-0.107423243552067,-0.953908826922998
-0.401685743359849,-0.161351436418554,-0.161351436418554,-0.159429892199114
0.249277067370713,-0.0621390563169429,-0.0621390563169429,-0.891069628996775
0.18233333597891,-0.0332454454091982,-0.0332454454091982,-0.411336597055197
0.139469070360065,-0.0194516215871006,-0.0194516215871006,-0.771090767811984
0.261845150031149,-0.0685628825948351,-0.0685628825948351,-0.690090471412987
0.17569261463359,-0.0308678948367872,-0.0308678948367872,-0.963372781407088
-0.593079327372834,-0.351743088557013,-0.351743088557013,-0.663777572801337
0.380076487548649,-0.144458136387319,-0.144458136387319,-0.734212349867448
1.76248453836888,-3.10635174798937,-3.10635174798937,-0.171949001960456
1.02657120884396,-1.05384844682735,-1.05384844682735,-0.294174551498145
-0.710428227903321,-0.504708267001854,-0.504708267001854,-0.745737972436473
0.897823705105111,-0.806087405448669,-0.806087405448669,-0.134601375320926
-0.555540975416079,-0.308625775366249,-0.308625775366249,-0.174921686528251
0.481764989439398,-0.232097505049543,-0.232097505049543,-0.881324531743303
1.43996525742114,-2.07349994257992,-2.07349994257992,-0.360059067374095
0.577044028788805,-0.332979811160815,-0.332979811160815,-0.630871787201613
1.40500126732513,-1.97402856118523,-1.97402856118523,-0.299268144415691
0.27954929554835,-0.0781478086415785,-0.0781478086415785,-0.188138687983155
1.01395475002937,-1.02810423510712,-1.02810423510712,-0.71247768891044
1.05898902891204,-1.12145776335606,-1.12145776335606,-0.416847491869703
1.38450405793265,-1.91685148643196,-1.91685148643196,-0.306083172792569
-0.727115781977773,-0.528697360401148,-0.528697360401148,-0.591092864051461
-0.587449022103101,-0.34509635356989,-0.34509635356989,-0.550358752952889
1.34550894587301,-1.81039432342429,-1.81039432342429,-0.735377833480015
1.52972722193226,-2.3400653735206,-2.3400653735206,-0.417809010716155
1.10086160223,-1.2118962672644,-1.2118962672644,-0.842114634811878
-0.208343019010499,-0.0434068135704092,-0.0434068135704092,-0.314929052488878
0.708179552108049,-0.501518278023957,-0.501518278023957,-0.297159268986434
0.118626041803509,-0.0140721377939679,-0.0140721377939679,-0.903011542977765
1.97812707931735,-3.91298674192857,-3.91298674192857,-0.0286878251936287
-0.228717872174457,-0.0523118650520111,-0.0523118650520111,-0.864295605337247
1.84229102381505,-3.39403621642951,-3.39403621642951,-0.480194985168055
0.026227347785607,-0.000687873771867183,-0.000687873771867183,-0.416356340283528
1.45275009400211,-2.11048283562315,-2.11048283562315,-0.262223341502249
1.71974178100936,-2.95751179334925,-2.95751179334925,-0.472187089268118
-0.755561166675761,-0.570872676588438,-0.570872676588438,-0.714266036171466
1.69094131723978,-2.85928253834859,-2.85928253834859,-0.569164493586868
1.6701204078272,-2.78930217664089,-2.78930217664089,-0.818780133500695
-0.806759388186038,-0.65086071042631,-0.65086071042631,-0.756192966364324
1.55128881637938,-2.40649699182375,-2.40649699182375,-0.988515195902437
1.5615934561938,-2.43857412242731,-2.43857412242731,-0.78165437001735
-0.500612061703578,-0.250612436323107,-0.250612436323107,-0.335489307064563
-0.93844578973949,-0.880680500279774,-0.880680500279774,-0.185417344328016
-0.700261086924002,-0.490365589859984,-0.490365589859984,-0.793416035827249
1.97853032010607,-3.91458222757904,-3.91458222757904,-0.0555709151085466
1.50803605024703,-2.27417272884466,-2.27417272884466,-0.840612316969782
-0.364211024018005,-0.132649670016243,-0.132649670016243,-0.233874481637031
0.806068871868774,-0.649747026195798,-0.649747026195798,-0.445960874902084
1.60124877933413,-2.56399765331903,-2.56399765331903,-0.567274473141879
-0.535279888426885,-0.286524558954298,-0.286524558954298,-0.883354002144188
0.0661396670620888,-0.00437445555908396,-0.00437445555908396,-0.526901360135525
-0.158336411463097,-0.0250704191950111,-0.0250704191950111,-0.162718401756138
1.069769899128,-1.14440763708034,-1.14440763708034,-0.432787351775914
-0.304133364930749,-0.0924971036641001,-0.0924971036641001,-0.634401335148141
1.95006633317098,-3.80275870376691,-3.80275870376691,-0.704678553622216
1.03943580552004,-1.0804267937971,-1.0804267937971,-0.220533495768905
1.50977632333525,-2.27942454650369,-2.27942454650369,-0.376708734547719
-0.315406485460699,-0.0994812510706699,-0.0994812510706699,-0.58049989072606
1.39116187836044,-1.93533137180333,-1.93533137180333,-0.97434287564829
1.80489871394821,-3.25765936761188,-3.25765936761188,-0.386898714350536
0.191247239941731,-0.0365755067853301,-0.0365755067853301,-0.0584901289548725
-0.991198451956734,-0.982474371161426,-0.982474371161426,-0.683133328100666
1.4123492075596,-1.99473028409423,-1.99473028409423,-0.0765046570450068
-0.168953956803307,-0.0285454395194937,-0.0285454395194937,-0.834571048850194
-0.989584909053519,-0.979278292226462,-0.979278292226462,-0.141444161301479
-0.628183059161529,-0.394613955817537,-0.394613955817537,-0.770387156167999
1.8314301064238,-3.35413623471547,-3.35413623471547,-0.99194121081382
-0.623531758785248,-0.388791854213824,-0.388791854213824,-0.552339187357575
1.61715702805668,-2.61519685339312,-2.61519685339312,-0.394464620854706
0.113029695814475,-0.0127757121359128,-0.0127757121359128,-0.835317496443167
1.89749452657998,-3.60048547840097,-3.60048547840097,-0.559470976004377
1.49310484156013,-2.22936206789029,-2.22936206789029,-0.00487951468676329
1.26744741480798,-1.60642294930342,-1.60642294930342,-0.793863298138604
1.07868424244225,-1.16355969489321,-1.16355969489321,-0.268513584043831
1.69712354219519,-2.88022831747314,-2.88022831747314,-0.221207162598148
0.86831334233284,-0.753968060473228,-0.753968060473228,-0.315906170755625
-0.0610372656956315,-0.00372554780359911,-0.00372554780359911,-0.0966383744962513
1.11182837048545,-1.23616232541634,-1.23616232541634,-0.285763294668868
1.55158796091564,-2.40742520045835,-2.40742520045835,-0.918905339203775
-0.754850604804233,-0.569799435573316,-0.569799435573316,-0.466001086635515
-0.66052696830593,-0.436295875859424,-0.436295875859424,-0.736038108589128
0.256399140460417,-0.0657405192288405,-0.0657405192288405,-0.408942070789635
-0.330356276128441,-0.109135269177451,-0.109135269177451,-0.218897665617988
-0.883768808096647,-0.781047306164569,-0.781047306164569,-0.181062701158226
1.07201683521271,-1.14922009497947,-1.14922009497947,-0.13982099830173
1.62748734862544,-2.64871506993585,-2.64871506993585,-0.0491653210483491
1.59289202606305,-2.53730500669526,-2.53730500669526,-0.0521217312198132
-0.651530339149758,-0.424491782832599,-0.424491782832599,-0.980215819086879
-0.665458822855726,-0.442835444916528,-0.442835444916528,-0.734749426599592
1.76688142144121,-3.12186995743412,-3.12186995743412,-0.120720119215548
0.843897399725392,-0.712162821263279,-0.712162821263279,-0.178895162185654
0.730322349816561,-0.533370734641583,-0.533370734641583,-0.0670470180921257
1.70422003162093,-2.90436591617806,-2.90436591617806,-0.179363114060834
-0.895491003058851,-0.801904136559347,-0.801904136559347,-0.0507784287910908
-0.969248669221997,-0.939442982788613,-0.939442982788613,-0.324508794117719
0.518236861564219,-0.268569444683932,-0.268569444683932,-0.442384319147095
1.48713922034949,-2.21158306070169,-2.21158306070169,-0.101599615067244
0.963204216444865,-0.927762362577166,-0.927762362577166,-0.285347297554836
-0.632256992394105,-0.399748904431239,-0.399748904431239,-0.289841412100941
1.93532172520645,-3.74547018005607,-3.74547018005607,-0.609362413641065
1.24869803059846,-1.55924677162048,-1.55924677162048,-0.35909323208034
-0.472558230627328,-0.223311281333631,-0.223311281333631,-0.574558920459822
-0.701465023681521,-0.492053179448517,-0.492053179448517,-0.334959920495749
-0.29880498140119,-0.0892844169101656,-0.0892844169101656,-0.653896474745125
0.931481696199626,-0.867658150354932,-0.867658150354932,-0.606814692029729
-0.179009672254324,-0.0320444627606005,-0.0320444627606005,-0.866508861305192
1.05167015711777,-1.10601011937211,-1.10601011937211,-0.832998713478446
1.18202771618962,-1.39718952184046,-1.39718952184046,-0.337025435175747
1.65382823650725,-2.73514783586869,-2.73514783586869,-0.414649394340813
0.64907010551542,-0.421292001873799,-0.421292001873799,-0.927813459653407
0.513996249996126,-0.26419214501008,-0.26419214501008,-0.201762338168919
0.913677983451635,-0.834807457444246,-0.834807457444246,-0.643721031257883
0.529605544870719,-0.280482033157812,-0.280482033157812,-0.858410505112261
1.69530214625411,-2.87404936709378,-2.87404936709378,-0.67949603474699
0.632212154334411,-0.399692208088157,-0.399692208088157,-0.860655587632209
0.775212777080014,-0.600954849748108,-0.600954849748108,-0.628588546300307
0.0532458231318742,-0.00283511768099083,-0.00283511768099083,-0.821446149144322
0.640144498320296,-0.409784978729744,-0.409784978729744,-0.981280872132629
0.864368937443942,-0.747133660017969,-0.747133660017969,-0.175830503227189
1.77217823383398,-3.14061569247494,-3.14061569247494,-0.241495097754523
-0.159043395658955,-0.0252948017027309,-0.0252948017027309,-0.701360232429579
-0.0465081655420363,-0.00216300946208545,-0.00216300946208545,-0.84912067768164
-0.226693018805236,-0.0513897247750309,-0.0513897247750309,-0.71424223901704
-0.750645307591185,-0.563468377808665,-0.563468377808665,-0.89408088196069
-0.0184973385185003,-0.000342151532267996,-0.000342151532267996,-0.861294536385685
1.81659966078587,-3.30003432756733,-3.30003432756733,-0.252309809206054
-0.718386453110725,-0.516079096013007,-0.516079096013007,-0.609915614128113
-0.929662503069267,-0.864272369613014,-0.864272369613014,-0.140298791229725
0.166625075275078,-0.0277639157104255,-0.0277639157104255,-0.0897972914390266
-0.892293803626671,-0.796188231990553,-0.796188231990553,-0.532420011004433
1.18689708714373,-1.40872469547028,-1.40872469547028,-0.0534299332648516
-0.379086514003575,-0.143706585099383,-0.143706585099383,-0.05680195055902
1.28666617791168,-1.65550985338186,-1.65550985338186,-0.223342280369252
-0.213821583194658,-0.0457196694398701,-0.0457196694398701,-0.836711816024035
0.242063107667491,-0.0585945480936433,-0.0585945480936433,-0.98323057545349
-0.155581436352804,-0.0242055833376017,-0.0242055833376017,-0.328467157902196
0.786085066618398,-0.617929731960451,-0.617929731960451,-0.92906921193935
1.31132319942117,-1.71956853334017,-1.71956853334017,-0.489252297673374
0.862411527661607,-0.743753643043626,-0.743753643043626,-0.984480551676825
-0.438724518520758,-0.192479203151271,-0.192479203151271,-0.833013145951554
1.18260782910511,-1.3985612774607,-1.3985612774607,-0.585424444871023
0.575040196534246,-0.330671227630145,-0.330671227630145,-0.716166609665379
0.0369702284224331,-0.00136679778960688,-0.00136679778960688,-0.127112315269187
-0.765424193348736,-0.585874195763563,-0.585874195763563,-0.897966869641095
0.672600206686184,-0.452391038034297,-0.452391038034297,-0.8791521450039
-0.751721352571622,-0.565084991912108,-0.565084991912108,-0.71666008955799
-0.346650584135205,-0.120166627481279,-0.120166627481279,-0.612847997574136
1.18578036967665,-1.40607508511049,-1.40607508511049,-0.643969173775986
-0.219199635786936,-0.0480484803291253,-0.0480484803291253,-0.123236835002899
0.88178004254587,-0.777536043432196,-0.777536043432196,-0.125983341829851
-0.815014361403883,-0.664248409294578,-0.664248409294578,-0.557251754682511
0.627211280399933,-0.393393990260924,-0.393393990260924,-0.710567053640261
0.607223476981744,-0.368720350997799,-0.368720350997799,-0.503641373710707
-0.340223590843379,-0.115752091766363,-0.115752091766363,-0.0458046917337924
-0.507730190409347,-0.257789946253112,-0.257789946253112,-0.353739829501137
0.204143995186314,-0.0416747707706298,-0.0416747707706298,-0.714394259499386
0.362186953192577,-0.131179389062922,-0.131179389062922,-0.041315846843645
0.802136697573587,-0.643423281594261,-0.643423281594261,-0.90207946440205
1.46422944078222,-2.14396785525341,-2.14396785525341,-0.20608127489686
0.790949469199404,-0.625601062826819,-0.625601062826819,-0.88660223223269
1.65209465008229,-2.72941673283052,-2.72941673283052,-0.0746001629158854
1.64120131148957,-2.69354174483508,-2.69354174483508,-0.681398424087092
1.27717564930208,-1.63117763917019,-1.63117763917019,-0.533902606228366
1.78246602392755,-3.17718512645611,-3.17718512645611,-0.843347497750074
0.744732542196289,-0.554626559406147,-0.554626559406147,-0.773002123693004
-0.142813185462728,-0.0203956059420116,-0.0203956059420116,-0.26889024511911
1.43089110963047,-2.0474493676195,-2.0474493676195,-0.734298297436908
-0.249094182392582,-0.0620479117018291,-0.0620479117018291,-0.890633400995284
0.832246491452679,-0.692634222535294,-0.692634222535294,-0.960873930715024
-0.173634235514328,-0.0301488477426451,-0.0301488477426451,-0.966173090506345
1.35196603019722,-1.82781214680723,-1.82781214680723,-0.19856132986024
0.68973978003487,-0.475740964162551,-0.475740964162551,-0.772475253324956
0.065188898704946,-0.00424959251436372,-0.00424959251436372,-0.808409390272573
-0.587050275411457,-0.344628025860667,-0.344628025860667,-0.867625916609541
-0.823553619440645,-0.678240564093787,-0.678240564093787,-0.104887215886265
0.361774902325124,-0.130881079952353,-0.130881079952353,-0.996578838443384
1.87125614308752,-3.50159955304279,-3.50159955304279,-0.901887866668403
-0.365649388637394,-0.1336994754109,-0.1336994754109,-0.0535099781118333
0.522415034240112,-0.272917468000097,-0.272917468000097,-0.616228653816506
1.97997591760941,-3.92030463431322,-3.92030463431322,-0.535624638665468
-0.644840538967401,-0.415819320695768,-0.415819320695768,-0.73058764799498
-0.945732776075602,-0.894410483743664,-0.894410483743664,-0.618381405249238
-0.109853983158246,-0.0120678976157321,-0.0120678976157321,-0.404381607891992
0.0901446966454387,-0.00812606633329816,-0.00812606633329816,-0.303832427132875
1.5070446038153,-2.27118343788882,-2.27118343788882,-0.335794829530641
1.01138369273394,-1.02289697392815,-1.02289697392815,-0.167720866622403
0.229328009299934,-0.0525913358494706,-0.0525913358494706,-0.487119354540482
1.78149912250228,-3.1737391234764,-3.1737391234764,-0.256714595248923
-0.544189853593707,-0.29614259675434,-0.29614259675434,-0.724976021563634
-0.48059655749239,-0.230973051073536,-0.230973051073536,-0.368937257211655
0.997617347864434,-0.995240372760067,-0.995240372760067,-0.626262797275558
0.589576712576672,-0.347600700012716,-0.347600700012716,-0.738094966858625
0.407006387133151,-0.165654199167181,-0.165654199167181,-0.324391227448359
1.86918524303474,-3.49385347277882,-3.49385347277882,-0.102022027829662
-0.220725459279492,-0.0487197283741429,-0.0487197283741429,-0.635647828457877
1.79274999466725,-3.21395254337941,-3.21395254337941,-0.20726780523546
-0.834680962609127,-0.696692309342099,-0.696692309342099,-0.899105646880344
0.793416354106739,-0.629509510964031,-0.629509510964031,-0.0994600753765553
-0.582111137686297,-0.338853376618435,-0.338853376618435,-0.527494026580825
1.19975982652977,-1.43942364135475,-1.43942364135475,-0.85934630013071
1.90603234292939,-3.63295929229291,-3.63295929229291,-0.778798372019082
-0.633966610068455,-0.401913662681689,-0.401913662681689,-0.684888021089137
1.40591631480493,-1.97660068423467,-1.97660068423467,-0.91226008743979
-0.380041064694524,-0.144431210854147,-0.144431210854147,-0.309570449637249
-0.378615671070293,-0.143349826380008,-0.143349826380008,-0.983470659004524
-0.630133488215506,-0.397068212970641,-0.397068212970641,-0.0663021495565772
0.505638169590384,-0.255669958546714,-0.255669958546714,-0.114755436079577
0.469530616188422,-0.220458999538279,-0.220458999538279,-0.376716644037515
1.9884321319405,-3.95386234333344,-3.95386234333344,-0.958482599817216
0.725041146622971,-0.525684664296352,-0.525684664296352,-0.342794138705358
0.60812486615032,-0.369815852830344,-0.369815852830344,-0.705774978734553
0.630099253961816,-0.397025069843238,-0.397025069843238,-0.919686436653137
1.9825380356051,-3.93045706262094,-3.93045706262094,-0.848050381056964
-0.997998004080728,-0.996000016149116,-0.996000016149116,-0.370072571095079
1.84588920581155,-3.40730696013158,-3.40730696013158,-0.337121152086183
1.10512032778934,-1.22129093889321,-1.22129093889321,-0.864596168510616
-0.333940144628286,-0.111516020194361,-0.111516020194361,-0.495329950004816
1.10751373972744,-1.22658668368505,-1.22658668368505,-0.132024837192148
0.252480584662408,-0.0637464456314712,-0.0637464456314712,-0.747834685724229
1.73266119463369,-3.00211481538945,-3.00211481538945,-0.466797510161996
-0.683842000318691,-0.467639881399869,-0.467639881399869,-0.233654329786077
0.292009994154796,-0.085269836686284,-0.085269836686284,-0.565823615062982
-0.872142925392836,-0.760633282312774,-0.760633282312774,-0.63824751903303
-0.979241807479411,-0.958914517515545,-0.958914517515545,-0.176914347335696
0.656117823440582,-0.430490598236406,-0.430490598236406,-0.709441796177998
-0.800115645863116,-0.640185046754951,-0.640185046754951,-0.386648238170892
-0.593121248064563,-0.351792814905664,-0.351792814905664,-0.596627481514588
0.892799480585381,-0.797090912533527,-0.797090912533527,-0.398932671407238
1.70900030503981,-2.92068204262616,-2.92068204262616,-0.959208767395467
0.114003496943042,-0.0129967973152421,-0.0129967973152421,-0.760039848275483
-0.14910653908737,-0.0222327599986134,-0.0222327599986134,-0.555801746435463
-0.87887450796552,-0.772420400751635,-0.772420400751635,-0.0132576609030366
0.648989864159375,-0.421187843781605,-0.421187843781605,-0.0731526215095073
0.916886969935149,-0.840681715636859,-0.840681715636859,-0.966375596821308
1.71801076363772,-2.95156098397507,-2.95156098397507,-0.172887208638713
1.38363096956164,-1.91443465993007,-1.91443465993007,-0.326479913434014
0.244269713526592,-0.0596676929463632,-0.0596676929463632,-0.450870941160247
1.3666738437023,-1.86779739506002,-1.86779739506002,-0.669369680574164
0.925688222516328,-0.856898685305439,-0.856898685305439,-0.504078326979652
1.03690951038152,-1.07518133271964,-1.07518133271964,-0.362882126588374
-0.175375495571643,-0.0307565644469994,-0.0307565644469994,-0.0893769203685224
1.71006725355983,-2.92433001169765,-2.92433001169765,-0.321849770843983
-0.765303554013371,-0.585689529785497,-0.585689529785497,-0.472479765536264
1.76600543991663,-3.11877521381511,-3.11877521381511,-0.0141515594441444
1.0534670765046,-1.10979288127916,-1.10979288127916,-0.245822823373601
0.734963092487305,-0.540170747318503,-0.540170747318503,-0.793814307078719
-0.250096667790785,-0.0625483432400545,-0.0625483432400545,-0.181011782959104
0.226200170814991,-0.0511665172767311,-0.0511665172767311,-0.291949548292905
-0.303552633849904,-0.0921442015172139,-0.0921442015172139,-0.119308149442077
0.832195192109793,-0.692548837770656,-0.692548837770656,-0.47403862606734
1.52646030881442,-2.33008107438582,-2.33008107438582,-0.9016728841234
-0.93756843637675,-0.879034572889945,-0.879034572889945,-0.55556704220362
-0.857512543909252,-0.735327762961716,-0.735327762961716,-0.934099301695824
-0.371804845286533,-0.138238842978543,-0.138238842978543,-0.243615094805136
-0.708798071369529,-0.502394705977164,-0.502394705977164,-0.7411812285427
1.44942101160996,-2.10082126889643,-2.10082126889643,-0.486529550282285
-0.343591516371816,-0.118055130122684,-0.118055130122684,-0.293204294983298
1.85809987713583,-3.45253515341218,-3.45253515341218,-0.139535543275997
